GBKQU2578872	Mushroom Song  Electric Universe Remix
UKR6V2581756	Light Beings Original Mix
ES74F2400132	Viento Extended Mix
DKZVA2500097	Flowstate Original mix
GBKQU2581884	Age Of Silicon  Original Mix
BKRAP2500004	Horizons Phaxe Remix
BE4JP2592009	The Techno Code Avalon & Tristan Remix
GBKQU2554300	Freaky Family GMS Remix
GXBNP2509410	Mindshift Original Mix
DKZVA2500115	Circus Sideshow Original mix
DELK12500165	Rising Sun Original Mix
GXBNP2551148	Release Yourself Original Mix
BXIED2500103	Bayan Original Mix
IT8EQ2500012	Mantra Experience  Extended Mix
CAFPA2000197	Desertum Original Mix
UKR6V2580788	Fuse Our Minds Original Mix
UKR6V2580744	Om Namah Shivaya Original Mix
UKR6V2580439	Chimera Original Mix
DEKC42100028	Na Le Phaxe Remix
UKR6V2484668	Octopus 3 Of Life & Domestic Remix
GXBNP2551092	Watching Us Original Mix
NLF712503048	Dragon Extended Mix
BE4JP2300014	High Street Astrix Remix
UKR6V2080288	Universo Original Mix
UKU932522602	Through the Eye Original Mix
DKZVA2500092	Land of 2 Suns Liquid Soul remix
GBKQU2529922	Sofia Original Mix
UKU932232146	Calling for Peace Original Mix
UKR6V2581778	Awareness Original Mix
DKZVA2500112	Wake up to Reality Original Mix
BKRAP2500005	Aftermath Synthatic Remix
GXBNP2551458	Everything Is One Original Mix
DEKC42500024	Cardamoon Original Mix
DKZVA2500008	Salvation Original mix
GXBNP2551861	Dreams and Reality Original Mix
DKZVA2500086	Move Original Mix
UKU932522487	Inner Visions Original Mix
UKR6V2521034	Aerial Phenomenon Original Mix
UKR6V2580664	Somnium Original Mix
GXBNP2500346	Nova Original Mix
DEH742517383	Power Plant Original Mix
GBKQU2579804	The Substance  Original Mix
QZNJY2543744	Outverse Original Mix
ES74F2500002	Meru Extended Mix
DKZVA1560962	Free Tibet Vini Vici Remix
GXBNP2551862	Hidden River Original Mix
DELK12500163	Elysium Original Mix
GXBNP2550558	Fungus Punk Original Mix
DEGA22504418	Become One Original Mix
ES74F2500016	Dune Original Mix
ES74F2500015	Kalima Original Mix
UKR6V2580438	Coolio Darwish Remix
US8DZ1200303	Corpo e Canção (feat. Letícia Fialho) Festival Mix
UKR6V2485122	Dunya Omiki & Terra Remix
ES74F2400029	Gipsy Queen Extended Mix
UKR6V2283302	He.art Omiki & Terra Remix
UKR6V2581760	Reef Original Mix
GBKQU2575858	Boogudah  Original Mix
UKU932530961	I Am the Flute Original Mix
GBKQU2551789	Right Here, Right Now Original Mix
UKR6V2283157	Aura Original Mix
UKR6V2521260	Unite Original Mix
GBKQU2576015	Guarana  Karbed, X-side & Cronick Remix
UKR6V2581761	It's a Monster Mystic Remix
DEKC42500026	Vida Original Mix
DEKC42200046	Wonders Original Mix
DKZVA1861870	The Power of Now Dekel Remix
USQY51742992	Lost Original Mix
CA5KR2543324	3rd Eye Original Mix
DENZ31001060	Beetlejuice Original Mix
US83Z2544295	Voices From Beyond Original Mix
GBKQU2563028	Into The Naughtiverse Original Mix
NLD682501664	Morning Star Extended Mix
DEKC42500025	Polaroid Original Mix
UKR6V2480620	Ziran Antinomy Remix
USA2P1611449	Deep Jungle Walk Original Mix
USQY51338546	Genetic Lottery Original Mix
GBKQU2584906	NAYA  Original Mix
GXBNP2552350	Mundos Original Mix
QZNJY2595746	Bambare Original Mix
CAFPA2000195	Galaxya Original Mix
UKU932503248	Planetary Engineers Original Mix
CAFPA2000194	In Your Mind Original mix
DKZVA2500072	Sky Spirit Original mix
DKZVA2500067	Inside Original mix
DKZVA2500066	Earthrise Original Mix
DELK12500086	Psychedelic Experience Original Mix
DKZVA2500063	Stranger Things Rising Dust remix
DEGA22504378	Restless Soul Original Mix
BKRAP2500003	Astronomia Original Mix
CAFPA2000182	We Become Light Original Mix
GBKQU2503102	High On Life Original Mix
CA5KR2506050	Lift Me Up Extended Mix
GBKQU2481648	Plant Medicine Original Mix
GBKQU2466122	Tribal Ritual Original Mix
UKR6V2482809	Dunes Original Mix
FRX762405980	Blackbird SR-71 Extended Version
ES74F2400030	Vendetta Extended Mix
GBKQU2316013	Dystopia Original Mix
UKR6V1930516	Drumville Original Mix
